intersection_id,tollgate_id,time_window,day_time_group,weekday,avg_travel_time
A,2,"[2016-10-18 08:00:00,2016-10-18 08:20:00)",25,2,681.3
A,2,"[2016-10-18 08:20:00,2016-10-18 08:40:00)",26,2,128.11
A,2,"[2016-10-18 08:40:00,2016-10-18 09:00:00)",27,2,176.23
A,2,"[2016-10-18 09:00:00,2016-10-18 09:20:00)",28,2,749.09
A,2,"[2016-10-18 09:20:00,2016-10-18 09:40:00)",29,2,37.22
A,2,"[2016-10-18 09:40:00,2016-10-18 10:00:00)",30,2,184.95
A,2,"[2016-10-19 08:00:00,2016-10-19 08:20:00)",25,3,614.73
A,2,"[2016-10-19 08:20:00,2016-10-19 08:40:00)",26,3,118.63
A,2,"[2016-10-19 08:40:00,2016-10-19 09:00:00)",27,3,63.27
A,2,"[2016-10-19 09:00:00,2016-10-19 09:20:00)",28,3,516.6
A,2,"[2016-10-19 09:20:00,2016-10-19 09:40:00)",29,3,42.83
A,2,"[2016-10-19 09:40:00,2016-10-19 10:00:00)",30,3,459.44
A,2,"[2016-10-20 08:00:00,2016-10-20 08:20:00)",25,4,56.98
A,2,"[2016-10-20 08:20:00,2016-10-20 08:40:00)",26,4,566.16
A,2,"[2016-10-20 08:40:00,2016-10-20 09:00:00)",27,4,125.39
A,2,"[2016-10-20 09:00:00,2016-10-20 09:20:00)",28,4,777.55
A,2,"[2016-10-20 09:20:00,2016-10-20 09:40:00)",29,4,205.22
A,2,"[2016-10-20 09:40:00,2016-10-20 10:00:00)",30,4,164.18
A,2,"[2016-10-21 08:00:00,2016-10-21 08:20:00)",25,5,466.2
A,2,"[2016-10-21 08:20:00,2016-10-21 08:40:00)",26,5,765.33
A,2,"[2016-10-21 08:40:00,2016-10-21 09:00:00)",27,5,700.79
A,2,"[2016-10-21 09:00:00,2016-10-21 09:20:00)",28,5,416.49
A,2,"[2016-10-21 09:20:00,2016-10-21 09:40:00)",29,5,248.9
A,2,"[2016-10-21 09:40:00,2016-10-21 10:00:00)",30,5,673.67
A,2,"[2016-10-22 08:00:00,2016-10-22 08:20:00)",25,6,574.81
A,2,"[2016-10-22 08:20:00,2016-10-22 08:40:00)",26,6,621.6
A,2,"[2016-10-22 08:40:00,2016-10-22 09:00:00)",27,6,638.73
A,2,"[2016-10-22 09:00:00,2016-10-22 09:20:00)",28,6,640.95
A,2,"[2016-10-22 09:20:00,2016-10-22 09:40:00)",29,6,306.12
A,2,"[2016-10-22 09:40:00,2016-10-22 10:00:00)",30,6,377.38
A,2,"[2016-10-23 08:00:00,2016-10-23 08:20:00)",25,7,730.58
A,2,"[2016-10-23 08:20:00,2016-10-23 08:40:00)",26,7,498.97
A,2,"[2016-10-23 08:40:00,2016-10-23 09:00:00)",27,7,426.61
A,2,"[2016-10-23 09:00:00,2016-10-23 09:20:00)",28,7,717.12
A,2,"[2016-10-23 09:20:00,2016-10-23 09:40:00)",29,7,474.32
A,2,"[2016-10-23 09:40:00,2016-10-23 10:00:00)",30,7,324.1
A,2,"[2016-10-24 08:00:00,2016-10-24 08:20:00)",25,1,767
A,2,"[2016-10-24 08:20:00,2016-10-24 08:40:00)",26,1,164.69
A,2,"[2016-10-24 08:40:00,2016-10-24 09:00:00)",27,1,408.97
A,2,"[2016-10-24 09:00:00,2016-10-24 09:20:00)",28,1,546.08
A,2,"[2016-10-24 09:20:00,2016-10-24 09:40:00)",29,1,314.55
A,2,"[2016-10-24 09:40:00,2016-10-24 10:00:00)",30,1,738.45
A,3,"[2016-10-18 08:00:00,2016-10-18 08:20:00)",25,2,390.3
A,3,"[2016-10-18 08:20:00,2016-10-18 08:40:00)",26,2,581.84
A,3,"[2016-10-18 08:40:00,2016-10-18 09:00:00)",27,2,35.58
A,3,"[2016-10-18 09:00:00,2016-10-18 09:20:00)",28,2,636.4
A,3,"[2016-10-18 09:20:00,2016-10-18 09:40:00)",29,2,277.84
A,3,"[2016-10-18 09:40:00,2016-10-18 10:00:00)",30,2,338.26
A,3,"[2016-10-19 08:00:00,2016-10-19 08:20:00)",25,3,480.7
A,3,"[2016-10-19 08:20:00,2016-10-19 08:40:00)",26,3,109.43
A,3,"[2016-10-19 08:40:00,2016-10-19 09:00:00)",27,3,518.37
A,3,"[2016-10-19 09:00:00,2016-10-19 09:20:00)",28,3,96.84
A,3,"[2016-10-19 09:20:00,2016-10-19 09:40:00)",29,3,484.39
A,3,"[2016-10-19 09:40:00,2016-10-19 10:00:00)",30,3,156.15
A,3,"[2016-10-20 08:00:00,2016-10-20 08:20:00)",25,4,323.64
A,3,"[2016-10-20 08:20:00,2016-10-20 08:40:00)",26,4,283.28
A,3,"[2016-10-20 08:40:00,2016-10-20 09:00:00)",27,4,57.28
A,3,"[2016-10-20 09:00:00,2016-10-20 09:20:00)",28,4,607.32
A,3,"[2016-10-20 09:20:00,2016-10-20 09:40:00)",29,4,458.32
A,3,"[2016-10-20 09:40:00,2016-10-20 10:00:00)",30,4,527.3
A,3,"[2016-10-21 08:00:00,2016-10-21 08:20:00)",25,5,501.64
A,3,"[2016-10-21 08:20:00,2016-10-21 08:40:00)",26,5,525.49
A,3,"[2016-10-21 08:40:00,2016-10-21 09:00:00)",27,5,137.07
A,3,"[2016-10-21 09:00:00,2016-10-21 09:20:00)",28,5,758.6
A,3,"[2016-10-21 09:20:00,2016-10-21 09:40:00)",29,5,441.29
A,3,"[2016-10-21 09:40:00,2016-10-21 10:00:00)",30,5,32.53
A,3,"[2016-10-22 08:00:00,2016-10-22 08:20:00)",25,6,443.47
A,3,"[2016-10-22 08:20:00,2016-10-22 08:40:00)",26,6,244.97
A,3,"[2016-10-22 08:40:00,2016-10-22 09:00:00)",27,6,131.41
A,3,"[2016-10-22 09:00:00,2016-10-22 09:20:00)",28,6,641.04
A,3,"[2016-10-22 09:20:00,2016-10-22 09:40:00)",29,6,668.38
A,3,"[2016-10-22 09:40:00,2016-10-22 10:00:00)",30,6,605.73
A,3,"[2016-10-23 08:00:00,2016-10-23 08:20:00)",25,7,74.13
A,3,"[2016-10-23 08:20:00,2016-10-23 08:40:00)",26,7,680.94
A,3,"[2016-10-23 08:40:00,2016-10-23 09:00:00)",27,7,212.75
A,3,"[2016-10-23 09:00:00,2016-10-23 09:20:00)",28,7,43.47
A,3,"[2016-10-23 09:20:00,2016-10-23 09:40:00)",29,7,415.92
A,3,"[2016-10-23 09:40:00,2016-10-23 10:00:00)",30,7,709.27
A,3,"[2016-10-24 08:00:00,2016-10-24 08:20:00)",25,1,43.57
A,3,"[2016-10-24 08:20:00,2016-10-24 08:40:00)",26,1,227.41
A,3,"[2016-10-24 08:40:00,2016-10-24 09:00:00)",27,1,272.43
A,3,"[2016-10-24 09:00:00,2016-10-24 09:20:00)",28,1,283.76
A,3,"[2016-10-24 09:20:00,2016-10-24 09:40:00)",29,1,547.64
A,3,"[2016-10-24 09:40:00,2016-10-24 10:00:00)",30,1,157.63
B,1,"[2016-10-18 08:00:00,2016-10-18 08:20:00)",25,2,796.15
B,1,"[2016-10-18 08:20:00,2016-10-18 08:40:00)",26,2,764.56
B,1,"[2016-10-18 08:40:00,2016-10-18 09:00:00)",27,2,627.1
B,1,"[2016-10-18 09:00:00,2016-10-18 09:20:00)",28,2,576.95
B,1,"[2016-10-18 09:20:00,2016-10-18 09:40:00)",29,2,151.97
B,1,"[2016-10-18 09:40:00,2016-10-18 10:00:00)",30,2,720.37
B,1,"[2016-10-19 08:00:00,2016-10-19 08:20:00)",25,3,195.55
B,1,"[2016-10-19 08:20:00,2016-10-19 08:40:00)",26,3,462.95
B,1,"[2016-10-19 08:40:00,2016-10-19 09:00:00)",27,3,213.37
B,1,"[2016-10-19 09:00:00,2016-10-19 09:20:00)",28,3,43.09
B,1,"[2016-10-19 09:20:00,2016-10-19 09:40:00)",29,3,232.07
B,1,"[2016-10-19 09:40:00,2016-10-19 10:00:00)",30,3,745.97
B,1,"[2016-10-20 08:00:00,2016-10-20 08:20:00)",25,4,731.14
B,1,"[2016-10-20 08:20:00,2016-10-20 08:40:00)",26,4,266.5
B,1,"[2016-10-20 08:40:00,2016-10-20 09:00:00)",27,4,527.62
B,1,"[2016-10-20 09:00:00,2016-10-20 09:20:00)",28,4,205.01
B,1,"[2016-10-20 09:20:00,2016-10-20 09:40:00)",29,4,127.86
B,1,"[2016-10-20 09:40:00,2016-10-20 10:00:00)",30,4,596.23
B,1,"[2016-10-21 08:00:00,2016-10-21 08:20:00)",25,5,694.67
B,1,"[2016-10-21 08:20:00,2016-10-21 08:40:00)",26,5,70.78
B,1,"[2016-10-21 08:40:00,2016-10-21 09:00:00)",27,5,217.8
B,1,"[2016-10-21 09:00:00,2016-10-21 09:20:00)",28,5,295.28
B,1,"[2016-10-21 09:20:00,2016-10-21 09:40:00)",29,5,241.35
B,1,"[2016-10-21 09:40:00,2016-10-21 10:00:00)",30,5,598.35
B,1,"[2016-10-22 08:00:00,2016-10-22 08:20:00)",25,6,353.56
B,1,"[2016-10-22 08:20:00,2016-10-22 08:40:00)",26,6,35.91
B,1,"[2016-10-22 08:40:00,2016-10-22 09:00:00)",27,6,507.65
B,1,"[2016-10-22 09:00:00,2016-10-22 09:20:00)",28,6,111.32
B,1,"[2016-10-22 09:20:00,2016-10-22 09:40:00)",29,6,793.58
B,1,"[2016-10-22 09:40:00,2016-10-22 10:00:00)",30,6,191.64
B,1,"[2016-10-23 08:00:00,2016-10-23 08:20:00)",25,7,32.5
B,1,"[2016-10-23 08:20:00,2016-10-23 08:40:00)",26,7,417.39
B,1,"[2016-10-23 08:40:00,2016-10-23 09:00:00)",27,7,555.48
B,1,"[2016-10-23 09:00:00,2016-10-23 09:20:00)",28,7,347.68
B,1,"[2016-10-23 09:20:00,2016-10-23 09:40:00)",29,7,772.43
B,1,"[2016-10-23 09:40:00,2016-10-23 10:00:00)",30,7,108.72
B,1,"[2016-10-24 08:00:00,2016-10-24 08:20:00)",25,1,94.13
B,1,"[2016-10-24 08:20:00,2016-10-24 08:40:00)",26,1,682.39
B,1,"[2016-10-24 08:40:00,2016-10-24 09:00:00)",27,1,535.87
B,1,"[2016-10-24 09:00:00,2016-10-24 09:20:00)",28,1,530.35
B,1,"[2016-10-24 09:20:00,2016-10-24 09:40:00)",29,1,680.03
B,1,"[2016-10-24 09:40:00,2016-10-24 10:00:00)",30,1,647.68
B,3,"[2016-10-18 08:00:00,2016-10-18 08:20:00)",25,2,134.38
B,3,"[2016-10-18 08:20:00,2016-10-18 08:40:00)",26,2,797.27
B,3,"[2016-10-18 08:40:00,2016-10-18 09:00:00)",27,2,518.69
B,3,"[2016-10-18 09:00:00,2016-10-18 09:20:00)",28,2,194.33
B,3,"[2016-10-18 09:20:00,2016-10-18 09:40:00)",29,2,551.26
B,3,"[2016-10-18 09:40:00,2016-10-18 10:00:00)",30,2,369.11
B,3,"[2016-10-19 08:00:00,2016-10-19 08:20:00)",25,3,784.17
B,3,"[2016-10-19 08:20:00,2016-10-19 08:40:00)",26,3,268.12
B,3,"[2016-10-19 08:40:00,2016-10-19 09:00:00)",27,3,45.38
B,3,"[2016-10-19 09:00:00,2016-10-19 09:20:00)",28,3,326.4
B,3,"[2016-10-19 09:20:00,2016-10-19 09:40:00)",29,3,719.5
B,3,"[2016-10-19 09:40:00,2016-10-19 10:00:00)",30,3,34.22
B,3,"[2016-10-20 08:00:00,2016-10-20 08:20:00)",25,4,496.7
B,3,"[2016-10-20 08:20:00,2016-10-20 08:40:00)",26,4,500.99
B,3,"[2016-10-20 08:40:00,2016-10-20 09:00:00)",27,4,735.57
B,3,"[2016-10-20 09:00:00,2016-10-20 09:20:00)",28,4,609.52
B,3,"[2016-10-20 09:20:00,2016-10-20 09:40:00)",29,4,109.12
B,3,"[2016-10-20 09:40:00,2016-10-20 10:00:00)",30,4,307.67
B,3,"[2016-10-21 08:00:00,2016-10-21 08:20:00)",25,5,198.67
B,3,"[2016-10-21 08:20:00,2016-10-21 08:40:00)",26,5,388.3
B,3,"[2016-10-21 08:40:00,2016-10-21 09:00:00)",27,5,56.87
B,3,"[2016-10-21 09:00:00,2016-10-21 09:20:00)",28,5,558.48
B,3,"[2016-10-21 09:20:00,2016-10-21 09:40:00)",29,5,767.7
B,3,"[2016-10-21 09:40:00,2016-10-21 10:00:00)",30,5,95.07
B,3,"[2016-10-22 08:00:00,2016-10-22 08:20:00)",25,6,265.24
B,3,"[2016-10-22 08:20:00,2016-10-22 08:40:00)",26,6,540.53
B,3,"[2016-10-22 08:40:00,2016-10-22 09:00:00)",27,6,236.79
B,3,"[2016-10-22 09:00:00,2016-10-22 09:20:00)",28,6,359.14
B,3,"[2016-10-22 09:20:00,2016-10-22 09:40:00)",29,6,431.05
B,3,"[2016-10-22 09:40:00,2016-10-22 10:00:00)",30,6,701.9
B,3,"[2016-10-23 08:00:00,2016-10-23 08:20:00)",25,7,417.96
B,3,"[2016-10-23 08:20:00,2016-10-23 08:40:00)",26,7,508.88
B,3,"[2016-10-23 08:40:00,2016-10-23 09:00:00)",27,7,382.88
B,3,"[2016-10-23 09:00:00,2016-10-23 09:20:00)",28,7,496.56
B,3,"[2016-10-23 09:20:00,2016-10-23 09:40:00)",29,7,193.15
B,3,"[2016-10-23 09:40:00,2016-10-23 10:00:00)",30,7,254.65
B,3,"[2016-10-24 08:00:00,2016-10-24 08:20:00)",25,1,475.94
B,3,"[2016-10-24 08:20:00,2016-10-24 08:40:00)",26,1,473.15
B,3,"[2016-10-24 08:40:00,2016-10-24 09:00:00)",27,1,681.65
B,3,"[2016-10-24 09:00:00,2016-10-24 09:20:00)",28,1,707.82
B,3,"[2016-10-24 09:20:00,2016-10-24 09:40:00)",29,1,705.68
B,3,"[2016-10-24 09:40:00,2016-10-24 10:00:00)",30,1,104.19
C,1,"[2016-10-18 08:00:00,2016-10-18 08:20:00)",25,2,755.51
C,1,"[2016-10-18 08:20:00,2016-10-18 08:40:00)",26,2,511.98
C,1,"[2016-10-18 08:40:00,2016-10-18 09:00:00)",27,2,443.83
C,1,"[2016-10-18 09:00:00,2016-10-18 09:20:00)",28,2,711.83
C,1,"[2016-10-18 09:20:00,2016-10-18 09:40:00)",29,2,112.73
C,1,"[2016-10-18 09:40:00,2016-10-18 10:00:00)",30,2,779.28
C,1,"[2016-10-19 08:00:00,2016-10-19 08:20:00)",25,3,129.77
C,1,"[2016-10-19 08:20:00,2016-10-19 08:40:00)",26,3,444.61
C,1,"[2016-10-19 08:40:00,2016-10-19 09:00:00)",27,3,556.24
C,1,"[2016-10-19 09:00:00,2016-10-19 09:20:00)",28,3,401.62
C,1,"[2016-10-19 09:20:00,2016-10-19 09:40:00)",29,3,209.48
C,1,"[2016-10-19 09:40:00,2016-10-19 10:00:00)",30,3,711.04
C,1,"[2016-10-20 08:00:00,2016-10-20 08:20:00)",25,4,312.65
C,1,"[2016-10-20 08:20:00,2016-10-20 08:40:00)",26,4,93
C,1,"[2016-10-20 08:40:00,2016-10-20 09:00:00)",27,4,378.45
C,1,"[2016-10-20 09:00:00,2016-10-20 09:20:00)",28,4,792.19
C,1,"[2016-10-20 09:20:00,2016-10-20 09:40:00)",29,4,41.35
C,1,"[2016-10-20 09:40:00,2016-10-20 10:00:00)",30,4,744.79
C,1,"[2016-10-21 08:00:00,2016-10-21 08:20:00)",25,5,587.35
C,1,"[2016-10-21 08:20:00,2016-10-21 08:40:00)",26,5,486.68
C,1,"[2016-10-21 08:40:00,2016-10-21 09:00:00)",27,5,456.76
C,1,"[2016-10-21 09:00:00,2016-10-21 09:20:00)",28,5,782.89
C,1,"[2016-10-21 09:20:00,2016-10-21 09:40:00)",29,5,25.88
C,1,"[2016-10-21 09:40:00,2016-10-21 10:00:00)",30,5,141.48
C,1,"[2016-10-22 08:00:00,2016-10-22 08:20:00)",25,6,193.04
C,1,"[2016-10-22 08:20:00,2016-10-22 08:40:00)",26,6,645.46
C,1,"[2016-10-22 08:40:00,2016-10-22 09:00:00)",27,6,287.92
C,1,"[2016-10-22 09:00:00,2016-10-22 09:20:00)",28,6,277.03
C,1,"[2016-10-22 09:20:00,2016-10-22 09:40:00)",29,6,304.77
C,1,"[2016-10-22 09:40:00,2016-10-22 10:00:00)",30,6,716.04
C,1,"[2016-10-23 08:00:00,2016-10-23 08:20:00)",25,7,582.7
C,1,"[2016-10-23 08:20:00,2016-10-23 08:40:00)",26,7,42.56
C,1,"[2016-10-23 08:40:00,2016-10-23 09:00:00)",27,7,84.35
C,1,"[2016-10-23 09:00:00,2016-10-23 09:20:00)",28,7,551.28
C,1,"[2016-10-23 09:20:00,2016-10-23 09:40:00)",29,7,799.81
C,1,"[2016-10-23 09:40:00,2016-10-23 10:00:00)",30,7,707.39
C,1,"[2016-10-24 08:00:00,2016-10-24 08:20:00)",25,1,756.98
C,1,"[2016-10-24 08:20:00,2016-10-24 08:40:00)",26,1,432.67
C,1,"[2016-10-24 08:40:00,2016-10-24 09:00:00)",27,1,191.97
C,1,"[2016-10-24 09:00:00,2016-10-24 09:20:00)",28,1,390.39
C,1,"[2016-10-24 09:20:00,2016-10-24 09:40:00)",29,1,436.55
C,1,"[2016-10-24 09:40:00,2016-10-24 10:00:00)",30,1,366.95
C,3,"[2016-10-18 08:00:00,2016-10-18 08:20:00)",25,2,200.24
C,3,"[2016-10-18 08:20:00,2016-10-18 08:40:00)",26,2,28.37
C,3,"[2016-10-18 08:40:00,2016-10-18 09:00:00)",27,2,225.34
C,3,"[2016-10-18 09:00:00,2016-10-18 09:20:00)",28,2,721.66
C,3,"[2016-10-18 09:20:00,2016-10-18 09:40:00)",29,2,289
C,3,"[2016-10-18 09:40:00,2016-10-18 10:00:00)",30,2,409.04
C,3,"[2016-10-19 08:00:00,2016-10-19 08:20:00)",25,3,514.72
C,3,"[2016-10-19 08:20:00,2016-10-19 08:40:00)",26,3,533.54
C,3,"[2016-10-19 08:40:00,2016-10-19 09:00:00)",27,3,468.9
C,3,"[2016-10-19 09:00:00,2016-10-19 09:20:00)",28,3,392.41
C,3,"[2016-10-19 09:20:00,2016-10-19 09:40:00)",29,3,255.91
C,3,"[2016-10-19 09:40:00,2016-10-19 10:00:00)",30,3,231.76
C,3,"[2016-10-20 08:00:00,2016-10-20 08:20:00)",25,4,61.01
C,3,"[2016-10-20 08:20:00,2016-10-20 08:40:00)",26,4,344.61
C,3,"[2016-10-20 08:40:00,2016-10-20 09:00:00)",27,4,331.13
C,3,"[2016-10-20 09:00:00,2016-10-20 09:20:00)",28,4,328.36
C,3,"[2016-10-20 09:20:00,2016-10-20 09:40:00)",29,4,696.52
C,3,"[2016-10-20 09:40:00,2016-10-20 10:00:00)",30,4,25.87
C,3,"[2016-10-21 08:00:00,2016-10-21 08:20:00)",25,5,280.07
C,3,"[2016-10-21 08:20:00,2016-10-21 08:40:00)",26,5,85.43
C,3,"[2016-10-21 08:40:00,2016-10-21 09:00:00)",27,5,400.74
C,3,"[2016-10-21 09:00:00,2016-10-21 09:20:00)",28,5,265.36
C,3,"[2016-10-21 09:20:00,2016-10-21 09:40:00)",29,5,270.83
C,3,"[2016-10-21 09:40:00,2016-10-21 10:00:00)",30,5,413.07
C,3,"[2016-10-22 08:00:00,2016-10-22 08:20:00)",25,6,475.47
C,3,"[2016-10-22 08:20:00,2016-10-22 08:40:00)",26,6,238.54
C,3,"[2016-10-22 08:40:00,2016-10-22 09:00:00)",27,6,224.05
C,3,"[2016-10-22 09:00:00,2016-10-22 09:20:00)",28,6,163.16
C,3,"[2016-10-22 09:20:00,2016-10-22 09:40:00)",29,6,178.43
C,3,"[2016-10-22 09:40:00,2016-10-22 10:00:00)",30,6,433.88
C,3,"[2016-10-23 08:00:00,2016-10-23 08:20:00)",25,7,738.15
C,3,"[2016-10-23 08:20:00,2016-10-23 08:40:00)",26,7,422.04
C,3,"[2016-10-23 08:40:00,2016-10-23 09:00:00)",27,7,746.61
C,3,"[2016-10-23 09:00:00,2016-10-23 09:20:00)",28,7,218.58
C,3,"[2016-10-23 09:20:00,2016-10-23 09:40:00)",29,7,351.59
C,3,"[2016-10-23 09:40:00,2016-10-23 10:00:00)",30,7,208.77
C,3,"[2016-10-24 08:00:00,2016-10-24 08:20:00)",25,1,133.1
C,3,"[2016-10-24 08:20:00,2016-10-24 08:40:00)",26,1,510.39
C,3,"[2016-10-24 08:40:00,2016-10-24 09:00:00)",27,1,514.81
C,3,"[2016-10-24 09:00:00,2016-10-24 09:20:00)",28,1,456.04
C,3,"[2016-10-24 09:20:00,2016-10-24 09:40:00)",29,1,748.23
C,3,"[2016-10-24 09:40:00,2016-10-24 10:00:00)",30,1,351.58
A,2,"[2016-10-18 17:00:00,2016-10-18 17:20:00)",52,2,20.49
A,2,"[2016-10-18 17:20:00,2016-10-18 17:40:00)",53,2,156.09
A,2,"[2016-10-18 17:40:00,2016-10-18 18:00:00)",54,2,761.02
A,2,"[2016-10-18 18:00:00,2016-10-18 18:20:00)",55,2,142.47
A,2,"[2016-10-18 18:20:00,2016-10-18 18:40:00)",56,2,325.15
A,2,"[2016-10-18 18:40:00,2016-10-18 19:00:00)",57,2,530.13
A,2,"[2016-10-19 17:00:00,2016-10-19 17:20:00)",52,3,332.83
A,2,"[2016-10-19 17:20:00,2016-10-19 17:40:00)",53,3,379.1
A,2,"[2016-10-19 17:40:00,2016-10-19 18:00:00)",54,3,116.41
A,2,"[2016-10-19 18:00:00,2016-10-19 18:20:00)",55,3,641.31
A,2,"[2016-10-19 18:20:00,2016-10-19 18:40:00)",56,3,186.91
A,2,"[2016-10-19 18:40:00,2016-10-19 19:00:00)",57,3,349.78
A,2,"[2016-10-20 17:00:00,2016-10-20 17:20:00)",52,4,516.04
A,2,"[2016-10-20 17:20:00,2016-10-20 17:40:00)",53,4,496.51
A,2,"[2016-10-20 17:40:00,2016-10-20 18:00:00)",54,4,46.76
A,2,"[2016-10-20 18:00:00,2016-10-20 18:20:00)",55,4,550.79
A,2,"[2016-10-20 18:20:00,2016-10-20 18:40:00)",56,4,676.84
A,2,"[2016-10-20 18:40:00,2016-10-20 19:00:00)",57,4,617.07
A,2,"[2016-10-21 17:00:00,2016-10-21 17:20:00)",52,5,774.31
A,2,"[2016-10-21 17:20:00,2016-10-21 17:40:00)",53,5,693.38
A,2,"[2016-10-21 17:40:00,2016-10-21 18:00:00)",54,5,220.94
A,2,"[2016-10-21 18:00:00,2016-10-21 18:20:00)",55,5,554.84
A,2,"[2016-10-21 18:20:00,2016-10-21 18:40:00)",56,5,174.14
A,2,"[2016-10-21 18:40:00,2016-10-21 19:00:00)",57,5,90.09
A,2,"[2016-10-22 17:00:00,2016-10-22 17:20:00)",52,6,224.82
A,2,"[2016-10-22 17:20:00,2016-10-22 17:40:00)",53,6,218.01
A,2,"[2016-10-22 17:40:00,2016-10-22 18:00:00)",54,6,512.16
A,2,"[2016-10-22 18:00:00,2016-10-22 18:20:00)",55,6,456.27
A,2,"[2016-10-22 18:20:00,2016-10-22 18:40:00)",56,6,436.85
A,2,"[2016-10-22 18:40:00,2016-10-22 19:00:00)",57,6,123.11
A,2,"[2016-10-23 17:00:00,2016-10-23 17:20:00)",52,7,448.54
A,2,"[2016-10-23 17:20:00,2016-10-23 17:40:00)",53,7,349.11
A,2,"[2016-10-23 17:40:00,2016-10-23 18:00:00)",54,7,430.09
A,2,"[2016-10-23 18:00:00,2016-10-23 18:20:00)",55,7,184.86
A,2,"[2016-10-23 18:20:00,2016-10-23 18:40:00)",56,7,99.69
A,2,"[2016-10-23 18:40:00,2016-10-23 19:00:00)",57,7,230.8
A,2,"[2016-10-24 17:00:00,2016-10-24 17:20:00)",52,1,220.4
A,2,"[2016-10-24 17:20:00,2016-10-24 17:40:00)",53,1,60.17
A,2,"[2016-10-24 17:40:00,2016-10-24 18:00:00)",54,1,208.76
A,2,"[2016-10-24 18:00:00,2016-10-24 18:20:00)",55,1,227.31
A,2,"[2016-10-24 18:20:00,2016-10-24 18:40:00)",56,1,277.06
A,2,"[2016-10-24 18:40:00,2016-10-24 19:00:00)",57,1,517.01
A,3,"[2016-10-18 17:00:00,2016-10-18 17:20:00)",52,2,56.41
A,3,"[2016-10-18 17:20:00,2016-10-18 17:40:00)",53,2,178.66
A,3,"[2016-10-18 17:40:00,2016-10-18 18:00:00)",54,2,166.32
A,3,"[2016-10-18 18:00:00,2016-10-18 18:20:00)",55,2,346.05
A,3,"[2016-10-18 18:20:00,2016-10-18 18:40:00)",56,2,702.28
A,3,"[2016-10-18 18:40:00,2016-10-18 19:00:00)",57,2,706.15
A,3,"[2016-10-19 17:00:00,2016-10-19 17:20:00)",52,3,505.03
A,3,"[2016-10-19 17:20:00,2016-10-19 17:40:00)",53,3,309.08
A,3,"[2016-10-19 17:40:00,2016-10-19 18:00:00)",54,3,567.6
A,3,"[2016-10-19 18:00:00,2016-10-19 18:20:00)",55,3,386.02
A,3,"[2016-10-19 18:20:00,2016-10-19 18:40:00)",56,3,236.77
A,3,"[2016-10-19 18:40:00,2016-10-19 19:00:00)",57,3,687.08
A,3,"[2016-10-20 17:00:00,2016-10-20 17:20:00)",52,4,461.53
A,3,"[2016-10-20 17:20:00,2016-10-20 17:40:00)",53,4,478.04
A,3,"[2016-10-20 17:40:00,2016-10-20 18:00:00)",54,4,767.95
A,3,"[2016-10-20 18:00:00,2016-10-20 18:20:00)",55,4,336.16
A,3,"[2016-10-20 18:20:00,2016-10-20 18:40:00)",56,4,658.98
A,3,"[2016-10-20 18:40:00,2016-10-20 19:00:00)",57,4,510.57
A,3,"[2016-10-21 17:00:00,2016-10-21 17:20:00)",52,5,681.26
A,3,"[2016-10-21 17:20:00,2016-10-21 17:40:00)",53,5,513.32
A,3,"[2016-10-21 17:40:00,2016-10-21 18:00:00)",54,5,488.85
A,3,"[2016-10-21 18:00:00,2016-10-21 18:20:00)",55,5,576.34
A,3,"[2016-10-21 18:20:00,2016-10-21 18:40:00)",56,5,621.4
A,3,"[2016-10-21 18:40:00,2016-10-21 19:00:00)",57,5,162.99
A,3,"[2016-10-22 17:00:00,2016-10-22 17:20:00)",52,6,773.08
A,3,"[2016-10-22 17:20:00,2016-10-22 17:40:00)",53,6,138.23
A,3,"[2016-10-22 17:40:00,2016-10-22 18:00:00)",54,6,259.03
A,3,"[2016-10-22 18:00:00,2016-10-22 18:20:00)",55,6,272.13
A,3,"[2016-10-22 18:20:00,2016-10-22 18:40:00)",56,6,555.05
A,3,"[2016-10-22 18:40:00,2016-10-22 19:00:00)",57,6,631.96
A,3,"[2016-10-23 17:00:00,2016-10-23 17:20:00)",52,7,604.9
A,3,"[2016-10-23 17:20:00,2016-10-23 17:40:00)",53,7,722.28
A,3,"[2016-10-23 17:40:00,2016-10-23 18:00:00)",54,7,267.91
A,3,"[2016-10-23 18:00:00,2016-10-23 18:20:00)",55,7,451.12
A,3,"[2016-10-23 18:20:00,2016-10-23 18:40:00)",56,7,390.61
A,3,"[2016-10-23 18:40:00,2016-10-23 19:00:00)",57,7,83.52
A,3,"[2016-10-24 17:00:00,2016-10-24 17:20:00)",52,1,538.44
A,3,"[2016-10-24 17:20:00,2016-10-24 17:40:00)",53,1,504.09
A,3,"[2016-10-24 17:40:00,2016-10-24 18:00:00)",54,1,501.68
A,3,"[2016-10-24 18:00:00,2016-10-24 18:20:00)",55,1,31.39
A,3,"[2016-10-24 18:20:00,2016-10-24 18:40:00)",56,1,126.24
A,3,"[2016-10-24 18:40:00,2016-10-24 19:00:00)",57,1,400.39
B,1,"[2016-10-18 17:00:00,2016-10-18 17:20:00)",52,2,714.16
B,1,"[2016-10-18 17:20:00,2016-10-18 17:40:00)",53,2,55.88
B,1,"[2016-10-18 17:40:00,2016-10-18 18:00:00)",54,2,362.13
B,1,"[2016-10-18 18:00:00,2016-10-18 18:20:00)",55,2,780.64
B,1,"[2016-10-18 18:20:00,2016-10-18 18:40:00)",56,2,471.46
B,1,"[2016-10-18 18:40:00,2016-10-18 19:00:00)",57,2,420.07
B,1,"[2016-10-19 17:00:00,2016-10-19 17:20:00)",52,3,656.27
B,1,"[2016-10-19 17:20:00,2016-10-19 17:40:00)",53,3,242.04
B,1,"[2016-10-19 17:40:00,2016-10-19 18:00:00)",54,3,41.13
B,1,"[2016-10-19 18:00:00,2016-10-19 18:20:00)",55,3,77.63
B,1,"[2016-10-19 18:20:00,2016-10-19 18:40:00)",56,3,168.56
B,1,"[2016-10-19 18:40:00,2016-10-19 19:00:00)",57,3,656.18
B,1,"[2016-10-20 17:00:00,2016-10-20 17:20:00)",52,4,175.34
B,1,"[2016-10-20 17:20:00,2016-10-20 17:40:00)",53,4,318.35
B,1,"[2016-10-20 17:40:00,2016-10-20 18:00:00)",54,4,301.3
B,1,"[2016-10-20 18:00:00,2016-10-20 18:20:00)",55,4,794.17
B,1,"[2016-10-20 18:20:00,2016-10-20 18:40:00)",56,4,479.45
B,1,"[2016-10-20 18:40:00,2016-10-20 19:00:00)",57,4,795.9
B,1,"[2016-10-21 17:00:00,2016-10-21 17:20:00)",52,5,492.23
B,1,"[2016-10-21 17:20:00,2016-10-21 17:40:00)",53,5,612.93
B,1,"[2016-10-21 17:40:00,2016-10-21 18:00:00)",54,5,172.9
B,1,"[2016-10-21 18:00:00,2016-10-21 18:20:00)",55,5,389.36
B,1,"[2016-10-21 18:20:00,2016-10-21 18:40:00)",56,5,463.61
B,1,"[2016-10-21 18:40:00,2016-10-21 19:00:00)",57,5,326.32
B,1,"[2016-10-22 17:00:00,2016-10-22 17:20:00)",52,6,436.16
B,1,"[2016-10-22 17:20:00,2016-10-22 17:40:00)",53,6,48.49
B,1,"[2016-10-22 17:40:00,2016-10-22 18:00:00)",54,6,22.91
B,1,"[2016-10-22 18:00:00,2016-10-22 18:20:00)",55,6,135.93
B,1,"[2016-10-22 18:20:00,2016-10-22 18:40:00)",56,6,21.35
B,1,"[2016-10-22 18:40:00,2016-10-22 19:00:00)",57,6,195.61
B,1,"[2016-10-23 17:00:00,2016-10-23 17:20:00)",52,7,328.74
B,1,"[2016-10-23 17:20:00,2016-10-23 17:40:00)",53,7,700.35
B,1,"[2016-10-23 17:40:00,2016-10-23 18:00:00)",54,7,168.58
B,1,"[2016-10-23 18:00:00,2016-10-23 18:20:00)",55,7,345.81
B,1,"[2016-10-23 18:20:00,2016-10-23 18:40:00)",56,7,161.84
B,1,"[2016-10-23 18:40:00,2016-10-23 19:00:00)",57,7,308.37
B,1,"[2016-10-24 17:00:00,2016-10-24 17:20:00)",52,1,477.07
B,1,"[2016-10-24 17:20:00,2016-10-24 17:40:00)",53,1,520.11
B,1,"[2016-10-24 17:40:00,2016-10-24 18:00:00)",54,1,705.6
B,1,"[2016-10-24 18:00:00,2016-10-24 18:20:00)",55,1,714.47
B,1,"[2016-10-24 18:20:00,2016-10-24 18:40:00)",56,1,572.81
B,1,"[2016-10-24 18:40:00,2016-10-24 19:00:00)",57,1,633.55
B,3,"[2016-10-18 17:00:00,2016-10-18 17:20:00)",52,2,451.15
B,3,"[2016-10-18 17:20:00,2016-10-18 17:40:00)",53,2,57.81
B,3,"[2016-10-18 17:40:00,2016-10-18 18:00:00)",54,2,718.31
B,3,"[2016-10-18 18:00:00,2016-10-18 18:20:00)",55,2,767.73
B,3,"[2016-10-18 18:20:00,2016-10-18 18:40:00)",56,2,782.26
B,3,"[2016-10-18 18:40:00,2016-10-18 19:00:00)",57,2,298.89
B,3,"[2016-10-19 17:00:00,2016-10-19 17:20:00)",52,3,385.67
B,3,"[2016-10-19 17:20:00,2016-10-19 17:40:00)",53,3,99.01
B,3,"[2016-10-19 17:40:00,2016-10-19 18:00:00)",54,3,680.96
B,3,"[2016-10-19 18:00:00,2016-10-19 18:20:00)",55,3,371.43
B,3,"[2016-10-19 18:20:00,2016-10-19 18:40:00)",56,3,198
B,3,"[2016-10-19 18:40:00,2016-10-19 19:00:00)",57,3,723.11
B,3,"[2016-10-20 17:00:00,2016-10-20 17:20:00)",52,4,596.56
B,3,"[2016-10-20 17:20:00,2016-10-20 17:40:00)",53,4,779
B,3,"[2016-10-20 17:40:00,2016-10-20 18:00:00)",54,4,198.16
B,3,"[2016-10-20 18:00:00,2016-10-20 18:20:00)",55,4,701.74
B,3,"[2016-10-20 18:20:00,2016-10-20 18:40:00)",56,4,200.32
B,3,"[2016-10-20 18:40:00,2016-10-20 19:00:00)",57,4,687.43
B,3,"[2016-10-21 17:00:00,2016-10-21 17:20:00)",52,5,780.76
B,3,"[2016-10-21 17:20:00,2016-10-21 17:40:00)",53,5,255.91
B,3,"[2016-10-21 17:40:00,2016-10-21 18:00:00)",54,5,527.4
B,3,"[2016-10-21 18:00:00,2016-10-21 18:20:00)",55,5,255.11
B,3,"[2016-10-21 18:20:00,2016-10-21 18:40:00)",56,5,492.8
B,3,"[2016-10-21 18:40:00,2016-10-21 19:00:00)",57,5,573.41
B,3,"[2016-10-22 17:00:00,2016-10-22 17:20:00)",52,6,683.82
B,3,"[2016-10-22 17:20:00,2016-10-22 17:40:00)",53,6,579.51
B,3,"[2016-10-22 17:40:00,2016-10-22 18:00:00)",54,6,370.32
B,3,"[2016-10-22 18:00:00,2016-10-22 18:20:00)",55,6,583.17
B,3,"[2016-10-22 18:20:00,2016-10-22 18:40:00)",56,6,483.32
B,3,"[2016-10-22 18:40:00,2016-10-22 19:00:00)",57,6,312.53
B,3,"[2016-10-23 17:00:00,2016-10-23 17:20:00)",52,7,226.11
B,3,"[2016-10-23 17:20:00,2016-10-23 17:40:00)",53,7,40.85
B,3,"[2016-10-23 17:40:00,2016-10-23 18:00:00)",54,7,24.97
B,3,"[2016-10-23 18:00:00,2016-10-23 18:20:00)",55,7,286.77
B,3,"[2016-10-23 18:20:00,2016-10-23 18:40:00)",56,7,252.69
B,3,"[2016-10-23 18:40:00,2016-10-23 19:00:00)",57,7,610.84
B,3,"[2016-10-24 17:00:00,2016-10-24 17:20:00)",52,1,542.78
B,3,"[2016-10-24 17:20:00,2016-10-24 17:40:00)",53,1,516.83
B,3,"[2016-10-24 17:40:00,2016-10-24 18:00:00)",54,1,707.16
B,3,"[2016-10-24 18:00:00,2016-10-24 18:20:00)",55,1,68.16
B,3,"[2016-10-24 18:20:00,2016-10-24 18:40:00)",56,1,674.98
B,3,"[2016-10-24 18:40:00,2016-10-24 19:00:00)",57,1,357.32
C,1,"[2016-10-18 17:00:00,2016-10-18 17:20:00)",52,2,82.85
C,1,"[2016-10-18 17:20:00,2016-10-18 17:40:00)",53,2,53.57
C,1,"[2016-10-18 17:40:00,2016-10-18 18:00:00)",54,2,291.74
C,1,"[2016-10-18 18:00:00,2016-10-18 18:20:00)",55,2,692.04
C,1,"[2016-10-18 18:20:00,2016-10-18 18:40:00)",56,2,391.05
C,1,"[2016-10-18 18:40:00,2016-10-18 19:00:00)",57,2,789.64
C,1,"[2016-10-19 17:00:00,2016-10-19 17:20:00)",52,3,616.21
C,1,"[2016-10-19 17:20:00,2016-10-19 17:40:00)",53,3,627.52
C,1,"[2016-10-19 17:40:00,2016-10-19 18:00:00)",54,3,752.32
C,1,"[2016-10-19 18:00:00,2016-10-19 18:20:00)",55,3,703.93
C,1,"[2016-10-19 18:20:00,2016-10-19 18:40:00)",56,3,116.12
C,1,"[2016-10-19 18:40:00,2016-10-19 19:00:00)",57,3,205.9
C,1,"[2016-10-20 17:00:00,2016-10-20 17:20:00)",52,4,505.02
C,1,"[2016-10-20 17:20:00,2016-10-20 17:40:00)",53,4,776.69
C,1,"[2016-10-20 17:40:00,2016-10-20 18:00:00)",54,4,208.18
C,1,"[2016-10-20 18:00:00,2016-10-20 18:20:00)",55,4,126.38
C,1,"[2016-10-20 18:20:00,2016-10-20 18:40:00)",56,4,47.75
C,1,"[2016-10-20 18:40:00,2016-10-20 19:00:00)",57,4,625.13
C,1,"[2016-10-21 17:00:00,2016-10-21 17:20:00)",52,5,278.73
C,1,"[2016-10-21 17:20:00,2016-10-21 17:40:00)",53,5,55.62
C,1,"[2016-10-21 17:40:00,2016-10-21 18:00:00)",54,5,62.47
C,1,"[2016-10-21 18:00:00,2016-10-21 18:20:00)",55,5,236.19
C,1,"[2016-10-21 18:20:00,2016-10-21 18:40:00)",56,5,762.52
C,1,"[2016-10-21 18:40:00,2016-10-21 19:00:00)",57,5,230.61
C,1,"[2016-10-22 17:00:00,2016-10-22 17:20:00)",52,6,388.39
C,1,"[2016-10-22 17:20:00,2016-10-22 17:40:00)",53,6,287.29
C,1,"[2016-10-22 17:40:00,2016-10-22 18:00:00)",54,6,228.77
C,1,"[2016-10-22 18:00:00,2016-10-22 18:20:00)",55,6,166.85
C,1,"[2016-10-22 18:20:00,2016-10-22 18:40:00)",56,6,245.35
C,1,"[2016-10-22 18:40:00,2016-10-22 19:00:00)",57,6,604.09
C,1,"[2016-10-23 17:00:00,2016-10-23 17:20:00)",52,7,239.72
C,1,"[2016-10-23 17:20:00,2016-10-23 17:40:00)",53,7,419.64
C,1,"[2016-10-23 17:40:00,2016-10-23 18:00:00)",54,7,34.53
C,1,"[2016-10-23 18:00:00,2016-10-23 18:20:00)",55,7,413.23
C,1,"[2016-10-23 18:20:00,2016-10-23 18:40:00)",56,7,58.85
C,1,"[2016-10-23 18:40:00,2016-10-23 19:00:00)",57,7,282.06
C,1,"[2016-10-24 17:00:00,2016-10-24 17:20:00)",52,1,493.19
C,1,"[2016-10-24 17:20:00,2016-10-24 17:40:00)",53,1,155.3
C,1,"[2016-10-24 17:40:00,2016-10-24 18:00:00)",54,1,470.54
C,1,"[2016-10-24 18:00:00,2016-10-24 18:20:00)",55,1,560.95
C,1,"[2016-10-24 18:20:00,2016-10-24 18:40:00)",56,1,460.21
C,1,"[2016-10-24 18:40:00,2016-10-24 19:00:00)",57,1,610.65
C,3,"[2016-10-18 17:00:00,2016-10-18 17:20:00)",52,2,232.39
C,3,"[2016-10-18 17:20:00,2016-10-18 17:40:00)",53,2,207.16
C,3,"[2016-10-18 17:40:00,2016-10-18 18:00:00)",54,2,788.3
C,3,"[2016-10-18 18:00:00,2016-10-18 18:20:00)",55,2,313.43
C,3,"[2016-10-18 18:20:00,2016-10-18 18:40:00)",56,2,344.35
C,3,"[2016-10-18 18:40:00,2016-10-18 19:00:00)",57,2,728.6
C,3,"[2016-10-19 17:00:00,2016-10-19 17:20:00)",52,3,374.33
C,3,"[2016-10-19 17:20:00,2016-10-19 17:40:00)",53,3,610.49
C,3,"[2016-10-19 17:40:00,2016-10-19 18:00:00)",54,3,423.57
C,3,"[2016-10-19 18:00:00,2016-10-19 18:20:00)",55,3,403.44
C,3,"[2016-10-19 18:20:00,2016-10-19 18:40:00)",56,3,631.39
C,3,"[2016-10-19 18:40:00,2016-10-19 19:00:00)",57,3,224.41
C,3,"[2016-10-20 17:00:00,2016-10-20 17:20:00)",52,4,657.24
C,3,"[2016-10-20 17:20:00,2016-10-20 17:40:00)",53,4,71.66
C,3,"[2016-10-20 17:40:00,2016-10-20 18:00:00)",54,4,390.83
C,3,"[2016-10-20 18:00:00,2016-10-20 18:20:00)",55,4,559.06
C,3,"[2016-10-20 18:20:00,2016-10-20 18:40:00)",56,4,331.23
C,3,"[2016-10-20 18:40:00,2016-10-20 19:00:00)",57,4,743.05
C,3,"[2016-10-21 17:00:00,2016-10-21 17:20:00)",52,5,297.78
C,3,"[2016-10-21 17:20:00,2016-10-21 17:40:00)",53,5,269.7
C,3,"[2016-10-21 17:40:00,2016-10-21 18:00:00)",54,5,533.29
C,3,"[2016-10-21 18:00:00,2016-10-21 18:20:00)",55,5,611.21
C,3,"[2016-10-21 18:20:00,2016-10-21 18:40:00)",56,5,605.76
C,3,"[2016-10-21 18:40:00,2016-10-21 19:00:00)",57,5,608.09
C,3,"[2016-10-22 17:00:00,2016-10-22 17:20:00)",52,6,772.61
C,3,"[2016-10-22 17:20:00,2016-10-22 17:40:00)",53,6,379.59
C,3,"[2016-10-22 17:40:00,2016-10-22 18:00:00)",54,6,653.98
C,3,"[2016-10-22 18:00:00,2016-10-22 18:20:00)",55,6,59.01
C,3,"[2016-10-22 18:20:00,2016-10-22 18:40:00)",56,6,127.81
C,3,"[2016-10-22 18:40:00,2016-10-22 19:00:00)",57,6,652.77
C,3,"[2016-10-23 17:00:00,2016-10-23 17:20:00)",52,7,324.3
C,3,"[2016-10-23 17:20:00,2016-10-23 17:40:00)",53,7,257.89
C,3,"[2016-10-23 17:40:00,2016-10-23 18:00:00)",54,7,660.74
C,3,"[2016-10-23 18:00:00,2016-10-23 18:20:00)",55,7,652.06
C,3,"[2016-10-23 18:20:00,2016-10-23 18:40:00)",56,7,246.43
C,3,"[2016-10-23 18:40:00,2016-10-23 19:00:00)",57,7,486.65
C,3,"[2016-10-24 17:00:00,2016-10-24 17:20:00)",52,1,437.11
C,3,"[2016-10-24 17:20:00,2016-10-24 17:40:00)",53,1,485.05
C,3,"[2016-10-24 17:40:00,2016-10-24 18:00:00)",54,1,83.02
C,3,"[2016-10-24 18:00:00,2016-10-24 18:20:00)",55,1,748.61
C,3,"[2016-10-24 18:20:00,2016-10-24 18:40:00)",56,1,623.45
C,3,"[2016-10-24 18:40:00,2016-10-24 19:00:00)",57,1,559.67
